id,alpha,sugar,age,vision,metabolism,x,y
50,0.55,648.4,9,1,1.0999915939565195,5,6
48,-0.413,125.1,200,1,1.0999915939565195,12,16
49,0.96,77.7,200,1,1.0999915939565195,11,12
43,0.234,776.6,200,1,1.0999915939565195,6,25
17,-0.372,695.4,200,1,1.0999915939565195,19,20
22,-0.621,157.0,200,1,1.0999915939565195,6,24
28,-0.605,491.5,200,1,1.0999915939565195,22,8
