id,alpha,sugar,age,vision,metabolism,x,y
45,0.944,180.9,5,6,0.6669966022485205,5,5
16,-0.26,1661.8,200,6,0.6669966022485205,4,13
