id,alpha,sugar,age,vision,metabolism,x,y
37,0.032,29.9,4,4,1.2800307334434837,5,23
36,-0.758,70.7,27,4,1.2800307334434837,4,5
35,-0.213,69.4,41,4,1.2800307334434837,23,24
1,0.027,23.1,200,4,1.2800307334434837,4,24
28,0.213,204.2,200,4,1.2800307334434837,24,5
