id,alpha,sugar,age,vision,metabolism,x,y
27,-0.198,594.1,200,6,0.6669966022485205,5,11
19,-0.289,112.6,200,6,0.6669966022485205,5,10
42,0.77,616.8,200,6,0.6669966022485205,5,44
1,-0.535,424.7,200,6,0.6669966022485205,3,10
46,-0.473,130.9,200,6,0.6669966022485205,36,35
22,0.068,49.2,200,6,0.6669966022485205,22,21
38,0.193,101.2,200,6,0.6669966022485205,42,20
55,0.169,110.2,22,6,0.6669966022485205,18,30
