id,alpha,sugar,age,vision,metabolism,x,y
36,0.993,182.9,200,4,1.2800307334434837,43,5
47,0.953,28.3,124,4,1.2800307334434837,22,5
49,0.473,61.2,67,4,1.2800307334434837,44,5
48,-0.39,19.7,84,4,1.2800307334434837,15,5
28,-0.904,204.2,200,4,1.2800307334434837,41,44
