id,alpha,sugar,age,vision,metabolism,x,y
49,0.61,1188.9,165,5,0.973180418445447,6,6
38,-0.363,145.0,200,5,0.973180418445447,5,15
2,0.113,85.4,200,5,0.973180418445447,3,15
14,0.394,296.5,200,5,0.973180418445447,12,16
19,-0.144,170.9,200,5,0.973180418445447,7,14
50,0.38,60.2,9,5,0.973180418445447,5,14
5,0.345,57.6,200,5,0.973180418445447,6,15
