id,alpha,sugar,age,vision,metabolism,x,y
45,-0.102,931.4,200,1,0.929126270445708,4,6
0,-0.962,1561.6,200,1,0.929126270445708,11,19
16,-0.9,1237.0,200,1,0.929126270445708,5,15
