id,alpha,sugar,age,vision,metabolism,x,y
18,-0.24,551.5,200,6,0.6669966022485205,21,8
53,0.243,830.1,143,6,0.6669966022485205,5,6
3,0.403,223.5,200,6,0.6669966022485205,24,21
38,-0.906,702.2,200,6,0.6669966022485205,4,22
54,0.441,250.7,41,6,0.6669966022485205,26,21
