id,alpha,sugar,age,vision,metabolism,x,y
49,0.202,162.1,140,4,1.2800307334434837,5,4
35,0.651,264.0,200,4,1.2800307334434837,5,15
34,-0.443,150.2,200,4,1.2800307334434837,11,6
