id,alpha,sugar,age,vision,metabolism,x,y
46,0.852,189.6,200,1,1.016494833826007,10,10
35,-0.313,266.7,200,1,1.016494833826007,5,6
32,0.532,301.8,200,1,1.016494833826007,15,5
49,0.932,505.9,200,1,1.016494833826007,4,15
