id,alpha,sugar,age,vision,metabolism,x,y
53,-0.703,34.7,151,4,1.2800307334434837,21,6
31,0.865,353.6,200,4,1.2800307334434837,5,6
56,0.306,193.8,127,4,1.2800307334434837,23,6
24,0.507,190.9,200,4,1.2800307334434837,5,25
57,-0.895,139.1,24,4,1.2800307334434837,20,29
