id,alpha,sugar,age,vision,metabolism,x,y
35,-0.306,1147.9,200,1,0.929126270445708,12,15
37,0.339,1051.4,200,1,0.929126270445708,5,14
