id,alpha,sugar,age,vision,metabolism,x,y
27,-0.037,126.7,200,2,1.757735522488605,4,7
28,0.279,7.6,200,2,1.757735522488605,5,16
