id,alpha,sugar,age,vision,metabolism,x,y
25,-0.47,43.6,200,6,0.6669966022485205,14,4
51,-0.426,853.7,125,6,0.6669966022485205,5,8
