id,alpha,sugar,age,vision,metabolism,x,y
33,-0.044,39.9,200,2,1.757735522488605,4,15
44,-0.421,46.5,200,2,1.757735522488605,4,5
