id,alpha,sugar,age,vision,metabolism,x,y
42,-0.533,691.1,200,1,0.929126270445708,5,43
16,-0.122,835.6,200,1,0.929126270445708,42,46
43,-0.359,295.6,23,1,0.929126270445708,41,42
27,0.38,271.2,200,1,0.929126270445708,45,46
13,-0.812,324.2,200,1,0.929126270445708,5,13
30,0.469,385.5,200,1,0.929126270445708,5,25
