id,alpha,sugar,age,vision,metabolism,x,y
38,0.714,1236.7,200,1,0.929126270445708,24,29
15,0.69,538.6,200,1,0.929126270445708,3,5
35,-0.325,222.8,200,1,0.929126270445708,5,22
12,0.045,89.2,200,1,0.929126270445708,22,6
32,0.807,1103.8,200,1,0.929126270445708,6,24
