id,alpha,sugar,age,vision,metabolism,x,y
31,0.315,8.0,200,4,1.2800307334434837,6,5
52,-0.89,68.0,157,4,1.2800307334434837,5,5
9,-0.74,63.0,200,4,1.2800307334434837,9,5
13,-0.533,331.3,200,4,1.2800307334434837,12,15
6,-0.785,342.2,200,4,1.2800307334434837,4,16
34,-0.443,47.0,200,4,1.2800307334434837,11,5
