id,alpha,sugar,age,vision,metabolism,x,y
33,-0.741,1897.1,200,1,1.016494833826007,5,15
31,0.443,1403.1,200,1,1.016494833826007,12,16
