id,alpha,sugar,age,vision,metabolism,x,y
46,0.051,20.7,200,3,1.1265367845598036,4,25
50,-0.771,128.0,40,3,1.1265367845598036,22,6
10,-0.82,64.5,200,3,1.1265367845598036,5,5
47,0.052,19.5,138,3,1.1265367845598036,6,25
48,-0.692,105.7,115,3,1.1265367845598036,24,23
37,-0.041,43.6,200,3,1.1265367845598036,5,25
