id,alpha,sugar,age,vision,metabolism,x,y
11,-0.366,16.5,200,3,1.1265367845598036,16,12
50,0.938,216.2,174,3,1.1265367845598036,22,24
46,0.051,29.7,200,3,1.1265367845598036,4,22
53,0.124,314.5,107,3,1.1265367845598036,4,6
