id,alpha,sugar,age,vision,metabolism,x,y
32,-0.219,211.2,6,5,0.973180418445447,5,13
31,-0.211,203.3,11,5,0.973180418445447,5,14
11,-0.196,243.1,200,5,0.973180418445447,4,5
30,0.855,126.1,200,5,0.973180418445447,14,7
