id,alpha,sugar,age,vision,metabolism,x,y
43,0.825,376.0,200,1,0.929126270445708,22,20
48,-0.309,559.8,200,1,0.929126270445708,4,6
37,0.406,1042.4,200,1,0.929126270445708,20,25
2,0.773,177.2,200,1,0.929126270445708,14,26
29,0.615,2612.1,200,1,0.929126270445708,6,25
4,0.64,892.1,200,1,0.929126270445708,20,13
