id,alpha,sugar,age,vision,metabolism,x,y
12,0.167,641.0,200,1,1.0999915939565195,4,6
37,0.868,593.9,200,1,1.0999915939565195,10,14
29,0.652,340.7,200,1,1.0999915939565195,4,15
