id,alpha,sugar,age,vision,metabolism,x,y
29,-0.803,790.0,200,3,0.5937877680754614,3,5
45,0.813,359.2,200,3,0.5937877680754614,12,15
47,-0.766,1020.5,200,3,0.5937877680754614,4,14
