id,alpha,sugar,age,vision,metabolism,x,y
11,0.546,1275.4,200,1,1.0999915939565195,6,18
47,-0.886,530.0,200,1,1.0999915939565195,6,6
24,0.561,1266.9,200,1,1.0999915939565195,12,18
