id,alpha,sugar,age,vision,metabolism,x,y
25,0.153,89.7,200,5,0.973180418445447,13,17
50,0.366,497.3,25,5,0.973180418445447,5,14
33,0.707,186.0,200,5,0.973180418445447,12,6
23,-0.446,363.0,200,5,0.973180418445447,5,5
