id,alpha,sugar,age,vision,metabolism,x,y
13,0.652,89.2,200,2,1.757735522488605,22,23
31,0.458,65.2,200,2,1.757735522488605,6,27
42,0.306,59.7,11,2,1.757735522488605,5,28
41,0.321,51.0,200,2,1.757735522488605,5,26
