id,alpha,sugar,age,vision,metabolism,x,y
10,-0.75,1958.1,200,6,0.6669966022485205,5,5
51,0.612,698.5,160,6,0.6669966022485205,12,11
