id,alpha,sugar,age,vision,metabolism,x,y
11,0.875,158.4,200,1,1.016494833826007,5,15
12,0.165,48.7,200,1,1.016494833826007,9,10
32,0.532,112.9,200,1,1.016494833826007,5,6
45,0.209,148.6,200,1,1.016494833826007,14,6
