id,alpha,sugar,age,vision,metabolism,x,y
14,0.762,428.3,200,3,0.5937877680754614,24,24
43,-0.014,250.1,16,3,0.5937877680754614,4,24
29,-0.851,429.4,200,3,0.5937877680754614,24,6
16,0.488,142.4,200,3,0.5937877680754614,5,10
41,0.461,493.4,200,3,0.5937877680754614,5,5
