id,alpha,sugar,age,vision,metabolism,x,y
21,-0.98,146.8,200,3,1.1265367845598036,4,10
27,-0.012,186.4,200,3,1.1265367845598036,14,5
16,-0.089,53.4,200,3,1.1265367845598036,6,11
34,0.533,3.1,200,3,1.1265367845598036,6,10
47,0.488,79.2,200,3,1.1265367845598036,5,10
20,-0.364,56.2,200,3,1.1265367845598036,13,12
