id,alpha,sugar,age,vision,metabolism,x,y
45,0.944,746.4,39,6,0.6669966022485205,5,6
10,-0.75,1144.8,200,6,0.6669966022485205,5,13
