id,alpha,sugar,age,vision,metabolism,x,y
44,0.627,63.5,200,3,1.1265367845598036,5,12
25,-0.599,299.7,200,3,1.1265367845598036,12,15
20,-0.364,106.3,200,3,1.1265367845598036,4,11
7,-0.177,317.9,200,3,1.1265367845598036,7,6
12,-0.688,97.5,200,3,1.1265367845598036,6,11
4,0.226,11.7,200,3,1.1265367845598036,6,6
29,-0.81,297.1,200,3,1.1265367845598036,5,15
