id,alpha,sugar,age,vision,metabolism,x,y
48,0.276,391.3,16,6,0.6669966022485205,5,10
45,0.537,242.2,200,6,0.6669966022485205,19,6
46,0.287,392.0,57,6,0.6669966022485205,4,10
47,0.874,254.3,16,6,0.6669966022485205,3,24
3,0.403,409.9,200,6,0.6669966022485205,22,25
30,0.886,252.9,200,6,0.6669966022485205,5,24
