id,alpha,sugar,age,vision,metabolism,x,y
41,-0.077,529.4,63,1,1.016494833826007,12,5
40,0.321,343.6,200,1,1.016494833826007,5,24
