id,alpha,sugar,age,vision,metabolism,x,y
6,-0.681,295.9,200,6,0.6669966022485205,12,18
28,-0.936,480.8,200,6,0.6669966022485205,11,18
39,0.255,431.1,200,6,0.6669966022485205,5,5
23,0.068,203.2,200,6,0.6669966022485205,19,5
