id,alpha,sugar,age,vision,metabolism,x,y
39,0.296,30.8,200,5,0.973180418445447,21,4
49,0.049,472.1,23,5,0.973180418445447,21,26
50,0.904,345.2,16,5,0.973180418445447,5,5
35,-0.091,92.4,200,5,0.973180418445447,4,24
25,-0.69,196.9,200,5,0.973180418445447,20,5
18,-0.77,235.5,200,5,0.973180418445447,5,25
48,-0.96,255.2,200,5,0.973180418445447,7,25
