id,alpha,sugar,age,vision,metabolism,x,y
3,0.64,587.7,200,1,0.929126270445708,5,3
31,0.695,760.4,200,1,0.929126270445708,4,16
48,-0.247,1220.2,200,1,0.929126270445708,12,16
