id,alpha,sugar,age,vision,metabolism,x,y
45,-0.219,104.0,200,1,1.0999915939565195,20,28
50,-0.227,196.0,110,1,1.0999915939565195,10,28
27,0.034,385.6,200,1,1.0999915939565195,7,28
49,0.96,353.1,200,1,1.0999915939565195,4,6
10,-0.45,1361.7,200,1,1.0999915939565195,22,24
18,0.623,238.1,200,1,1.0999915939565195,14,21
9,0.013,761.7,200,1,1.0999915939565195,7,11
51,0.32,1680.4,107,1,1.0999915939565195,6,24
