id,alpha,sugar,age,vision,metabolism,x,y
46,-0.295,422.8,200,5,0.973180418445447,20,6
52,-0.629,544.3,143,5,0.973180418445447,4,5
14,0.63,796.0,200,5,0.973180418445447,5,21
30,0.306,595.1,200,5,0.973180418445447,22,20
