id,alpha,sugar,age,vision,metabolism,x,y
47,-0.886,427.4,200,1,1.0999915939565195,4,6
23,-0.728,202.8,200,1,1.0999915939565195,11,14
44,-0.824,572.0,200,1,1.0999915939565195,14,15
26,0.316,508.1,200,1,1.0999915939565195,4,15
