id,alpha,sugar,age,vision,metabolism,x,y
29,0.877,180.3,200,1,1.0999915939565195,5,8
20,0.324,849.4,200,1,1.0999915939565195,5,24
50,0.063,168.7,106,1,1.0999915939565195,20,10
9,0.013,275.8,200,1,1.0999915939565195,5,11
18,0.623,465.0,200,1,1.0999915939565195,22,5
4,0.525,437.9,200,1,1.0999915939565195,24,24
49,0.96,46.1,200,1,1.0999915939565195,11,10
