id,alpha,sugar,age,vision,metabolism,x,y
51,1.0,398.8,26,4,1.2800307334434837,2,8
24,0.507,210.7,200,4,1.2800307334434837,7,26
22,-0.913,363.8,200,4,1.2800307334434837,21,25
49,0.541,83.8,200,4,1.2800307334434837,20,17
11,-0.623,148.9,200,4,1.2800307334434837,16,12
19,-0.533,162.7,200,4,1.2800307334434837,20,8
52,0.515,117.1,20,4,1.2800307334434837,7,27
