id,alpha,sugar,age,vision,metabolism,x,y
38,-0.906,265.2,200,6,0.6669966022485205,5,24
21,0.404,126.9,200,6,0.6669966022485205,22,5
39,0.225,174.9,13,6,0.6669966022485205,24,23
17,0.711,291.8,200,6,0.6669966022485205,4,5
