id,alpha,sugar,age,vision,metabolism,x,y
2,0.205,482.4,200,1,1.016494833826007,20,21
6,-0.463,574.9,200,1,1.016494833826007,5,12
16,0.553,1462.4,200,1,1.016494833826007,6,29
25,-0.121,268.7,200,1,1.016494833826007,7,12
49,0.119,469.0,200,1,1.016494833826007,14,24
31,0.337,650.1,200,1,1.016494833826007,22,12
30,0.05,282.7,200,1,1.016494833826007,5,5
44,0.297,334.1,200,1,1.016494833826007,10,26
