id,alpha,sugar,age,vision,metabolism,x,y
20,0.434,487.8,200,1,1.016494833826007,5,6
29,0.187,537.3,200,1,1.016494833826007,5,7
41,-0.561,517.2,200,1,1.016494833826007,4,15
1,-0.562,492.9,200,1,1.016494833826007,11,18
