id,alpha,sugar,age,vision,metabolism,x,y
30,-0.838,1420.0,200,1,1.016494833826007,12,15
27,-0.28,841.1,200,1,1.016494833826007,4,16
4,-0.154,484.6,200,1,1.016494833826007,2,5
