id,alpha,sugar,age,vision,metabolism,x,y
17,-0.34,519.9,200,1,0.929126270445708,22,8
22,-0.859,1390.7,200,1,0.929126270445708,20,26
5,-0.809,585.7,200,1,0.929126270445708,3,6
29,0.615,1035.3,200,1,0.929126270445708,5,24
