id,alpha,sugar,age,vision,metabolism,x,y
7,0.194,223.2,200,1,0.929126270445708,5,19
19,-0.84,398.3,200,1,0.929126270445708,5,7
49,0.96,330.8,200,1,0.929126270445708,5,14
