id,alpha,sugar,age,vision,metabolism,x,y
43,-0.199,550.2,200,1,1.016494833826007,5,5
51,0.491,99.4,155,1,1.016494833826007,5,16
1,-0.562,621.3,200,1,1.016494833826007,12,17
35,-0.313,123.5,200,1,1.016494833826007,6,15
15,0.085,248.8,200,1,1.016494833826007,10,14
28,0.701,644.8,200,1,1.016494833826007,4,14
