id,alpha,sugar,age,vision,metabolism,x,y
12,-0.688,35.9,200,3,1.1265367845598036,4,14
38,-0.568,47.6,200,3,1.1265367845598036,13,14
4,0.226,43.0,200,3,1.1265367845598036,14,6
