id,alpha,sugar,age,vision,metabolism,x,y
31,0.389,208.8,200,5,0.973180418445447,24,23
50,-0.819,93.5,162,5,0.973180418445447,5,24
0,0.932,155.5,200,5,0.973180418445447,4,6
