id,alpha,sugar,age,vision,metabolism,x,y
51,0.669,203.1,171,1,0.929126270445708,5,7
30,0.07,813.1,200,1,0.929126270445708,4,25
7,0.194,1152.5,200,1,0.929126270445708,23,26
