id,alpha,sugar,age,vision,metabolism,x,y
46,-0.983,138.6,200,1,1.016494833826007,23,4
10,-0.869,285.9,200,1,1.016494833826007,24,25
28,0.208,447.4,200,1,1.016494833826007,4,24
3,-0.2,16.7,200,1,1.016494833826007,10,19
20,-0.874,518.9,200,1,1.016494833826007,5,4
