id,alpha,sugar,age,vision,metabolism,x,y
51,0.152,56.6,155,4,1.2800307334434837,20,20
13,0.347,139.3,200,4,1.2800307334434837,5,16
28,0.213,110.7,200,4,1.2800307334434837,19,5
15,0.427,70.5,200,4,1.2800307334434837,6,24
36,0.356,204.5,200,4,1.2800307334434837,21,26
24,0.507,109.0,200,4,1.2800307334434837,4,25
52,0.218,163.5,26,4,1.2800307334434837,17,5
20,0.473,90.2,200,4,1.2800307334434837,6,25
1,0.027,172.7,200,4,1.2800307334434837,8,25
31,0.865,307.8,200,4,1.2800307334434837,6,5
