id,alpha,sugar,age,vision,metabolism,x,y
50,0.683,94.7,157,5,0.973180418445447,22,5
51,-0.501,252.6,93,5,0.973180418445447,24,24
52,0.924,170.0,63,5,0.973180418445447,5,7
14,0.63,261.1,200,5,0.973180418445447,4,25
