id,alpha,sugar,age,vision,metabolism,x,y
3,-0.2,175.0,200,1,1.016494833826007,20,10
19,0.884,959.1,200,1,1.016494833826007,5,24
32,0.761,76.8,200,1,1.016494833826007,8,8
12,-0.025,159.5,200,1,1.016494833826007,13,16
38,0.532,369.6,200,1,1.016494833826007,22,5
2,0.205,364.6,200,1,1.016494833826007,22,28
13,-0.49,534.7,200,1,1.016494833826007,4,7
