id,alpha,sugar,age,vision,metabolism,x,y
11,-0.196,1226.2,200,5,0.973180418445447,7,10
3,-0.056,292.8,200,5,0.973180418445447,11,5
38,-0.363,764.2,200,5,0.973180418445447,12,15
