id,alpha,sugar,age,vision,metabolism,x,y
38,0.279,37.0,200,1,1.0999915939565195,9,10
27,-0.239,217.9,200,1,1.0999915939565195,6,6
37,0.868,122.1,200,1,1.0999915939565195,4,15
