id,alpha,sugar,age,vision,metabolism,x,y
36,-0.612,1410.0,200,1,0.929126270445708,44,46
42,-0.533,1090.8,200,1,0.929126270445708,4,40
4,-0.248,596.2,200,1,0.929126270445708,5,6
29,-0.788,698.3,200,1,0.929126270445708,6,42
33,-0.088,317.2,200,1,0.929126270445708,6,48
