id,alpha,sugar,age,vision,metabolism,x,y
42,-0.236,306.3,200,4,1.2800307334434837,12,15
46,0.216,161.0,200,4,1.2800307334434837,16,5
31,0.315,177.5,200,4,1.2800307334434837,5,8
11,0.477,15.0,200,4,1.2800307334434837,17,5
38,-0.5,360.9,200,4,1.2800307334434837,4,15
