id,alpha,sugar,age,vision,metabolism,x,y
31,0.701,161.7,200,1,1.016494833826007,6,44
40,-0.778,24.7,200,1,1.016494833826007,15,34
4,-0.154,389.4,200,1,1.016494833826007,6,5
27,0.294,97.7,200,1,1.016494833826007,40,10
20,-0.126,236.7,200,1,1.016494833826007,25,5
35,0.353,182.7,200,1,1.016494833826007,25,44
8,0.089,175.7,200,1,1.016494833826007,44,44
37,0.532,252.5,200,1,1.016494833826007,43,6
19,-0.252,401.2,200,1,1.016494833826007,5,44
