id,alpha,sugar,age,vision,metabolism,x,y
49,-0.729,167.4,200,5,0.973180418445447,41,5
33,-0.994,81.3,200,5,0.973180418445447,5,46
37,0.855,119.2,200,5,0.973180418445447,5,5
50,0.551,195.1,61,5,0.973180418445447,39,5
51,-0.562,88.4,59,5,0.973180418445447,40,41
