id,alpha,sugar,age,vision,metabolism,x,y
28,-0.486,119.8,57,3,1.1265367845598036,40,9
25,0.707,85.4,108,3,1.1265367845598036,5,46
29,0.198,183.1,18,3,1.1265367845598036,44,44
6,-0.656,94.4,200,3,1.1265367845598036,5,7
