id,alpha,sugar,age,vision,metabolism,x,y
49,-0.194,74.2,200,2,1.757735522488605,5,6
4,-0.772,39.0,200,2,1.757735522488605,4,24
