id,alpha,sugar,age,vision,metabolism,x,y
12,0.045,566.9,200,1,0.929126270445708,21,9
46,0.412,228.2,200,1,0.929126270445708,24,28
39,-0.814,354.6,200,1,0.929126270445708,20,26
35,-0.325,838.3,200,1,0.929126270445708,20,20
5,-0.809,1104.0,200,1,0.929126270445708,6,21
40,0.873,1323.2,200,1,0.929126270445708,6,24
