id,alpha,sugar,age,vision,metabolism,x,y
4,-0.772,240.1,200,2,1.757735522488605,5,25
40,0.658,78.3,82,2,1.757735522488605,24,25
