id,alpha,sugar,age,vision,metabolism,x,y
53,-1.0,105.2,86,4,1.2800307334434837,24,26
15,0.427,161.2,200,4,1.2800307334434837,4,28
20,0.473,109.6,200,4,1.2800307334434837,22,26
54,0.958,270.7,70,4,1.2800307334434837,4,6
11,-0.623,254.2,200,4,1.2800307334434837,24,6
