id,alpha,sugar,age,vision,metabolism,x,y
50,-0.908,803.7,5,6,0.6669966022485205,5,14
42,-0.884,806.2,200,6,0.6669966022485205,3,14
49,-0.664,556.5,120,6,0.6669966022485205,11,5
