id,alpha,sugar,age,vision,metabolism,x,y
13,-0.461,155.0,200,4,1.783543075615619,5,8
42,0.977,50.2,200,4,1.783543075615619,4,29
