id,alpha,sugar,age,vision,metabolism,x,y
34,-0.233,382.8,200,1,1.0999915939565195,6,24
26,-0.192,306.0,200,1,1.0999915939565195,20,5
1,-0.891,472.7,200,1,1.0999915939565195,22,24
19,-0.634,9.0,200,1,1.0999915939565195,9,19
8,-0.781,88.6,200,1,1.0999915939565195,14,15
31,0.521,427.2,200,1,1.0999915939565195,5,5
