id,alpha,sugar,age,vision,metabolism,x,y
10,-0.45,57.0,200,1,1.0999915939565195,22,22
15,-0.77,252.0,200,1,1.0999915939565195,6,26
24,0.144,305.7,200,1,1.0999915939565195,6,5
