id,alpha,sugar,age,vision,metabolism,x,y
45,0.523,531.6,200,1,1.0999915939565195,5,44
28,-0.848,299.5,200,1,1.0999915939565195,4,6
1,0.686,203.0,200,1,1.0999915939565195,43,6
24,0.775,160.0,200,1,1.0999915939565195,44,45
43,0.217,132.0,200,1,1.0999915939565195,35,14
