id,alpha,sugar,age,vision,metabolism,x,y
47,0.37,41.4,20,4,1.2800307334434837,5,14
44,0.472,76.9,200,4,1.2800307334434837,4,5
35,0.651,93.7,200,4,1.2800307334434837,6,14
30,-0.365,101.5,200,4,1.2800307334434837,12,6
