id,alpha,sugar,age,vision,metabolism,x,y
36,-0.644,476.3,200,1,0.929126270445708,4,5
18,-0.859,1032.4,200,1,0.929126270445708,6,13
28,0.875,902.3,200,1,0.929126270445708,12,13
2,-0.212,668.9,200,1,0.929126270445708,13,14
