id,alpha,sugar,age,vision,metabolism,x,y
28,0.875,203.4,200,1,0.929126270445708,5,10
15,-0.747,215.2,200,1,0.929126270445708,5,7
