id,alpha,sugar,age,vision,metabolism,x,y
46,-0.699,296.3,9,3,0.5937877680754614,14,5
45,0.813,429.6,200,3,0.5937877680754614,14,15
11,0.854,213.5,200,3,0.5937877680754614,5,5
13,0.209,267.6,200,3,0.5937877680754614,6,14
