id,alpha,sugar,age,vision,metabolism,x,y
28,-0.936,659.2,200,6,0.6669966022485205,4,24
40,0.184,626.8,50,6,0.6669966022485205,17,5
39,0.255,1140.9,200,6,0.6669966022485205,6,11
3,0.403,602.5,200,6,0.6669966022485205,20,20
