id,alpha,sugar,age,vision,metabolism,x,y
49,-0.643,982.4,200,6,0.6669966022485205,2,24
51,-0.425,1074.3,87,6,0.6669966022485205,5,6
6,-0.681,509.9,200,6,0.6669966022485205,22,20
18,-0.24,756.8,200,6,0.6669966022485205,20,8
