id,alpha,sugar,age,vision,metabolism,x,y
9,-0.749,272.2,200,3,0.5937877680754614,21,5
12,0.744,273.4,200,3,0.5937877680754614,5,46
47,0.222,146.6,139,3,0.5937877680754614,5,13
39,-0.866,49.7,200,3,0.5937877680754614,5,19
48,-0.819,386.3,77,3,0.5937877680754614,40,5
31,0.829,88.9,200,3,0.5937877680754614,44,10
34,-0.632,433.6,200,3,0.5937877680754614,44,44
