id,alpha,sugar,age,vision,metabolism,x,y
30,0.05,23.7,200,1,1.016494833826007,4,10
29,-0.537,379.7,200,1,1.016494833826007,24,26
49,0.119,422.0,200,1,1.016494833826007,21,21
46,-0.983,311.8,200,1,1.016494833826007,18,11
18,-0.601,851.4,200,1,1.016494833826007,6,6
31,0.337,363.8,200,1,1.016494833826007,21,10
23,-0.852,1264.6,200,1,1.016494833826007,5,26
