id,alpha,sugar,age,vision,metabolism,x,y
11,-0.291,1235.9,200,1,1.0999915939565195,5,26
17,-0.372,588.5,200,1,1.0999915939565195,22,21
38,0.228,346.7,200,1,1.0999915939565195,4,26
37,0.652,419.6,200,1,1.0999915939565195,6,12
35,-0.736,579.9,200,1,1.0999915939565195,5,5
39,0.021,535.6,200,1,1.0999915939565195,22,26
18,0.623,400.6,200,1,1.0999915939565195,19,10
