id,alpha,sugar,age,vision,metabolism,x,y
13,0.921,169.4,200,4,1.2800307334434837,4,43
50,-0.363,122.3,71,4,1.2800307334434837,40,5
52,-0.046,24.5,16,4,1.2800307334434837,6,42
10,-0.048,43.9,200,4,1.2800307334434837,7,43
44,-0.452,59.2,200,4,1.2800307334434837,24,6
17,-0.093,150.6,200,4,1.2800307334434837,34,46
51,-0.043,28.2,42,4,1.2800307334434837,5,42
