id,alpha,sugar,age,vision,metabolism,x,y
50,0.067,78.5,19,5,0.973180418445447,4,14
47,0.805,63.5,157,5,0.973180418445447,13,5
46,-0.746,134.8,200,5,0.973180418445447,5,5
49,0.773,37.8,104,5,0.973180418445447,15,5
48,0.075,85.6,110,5,0.973180418445447,6,14
