id,alpha,sugar,age,vision,metabolism,x,y
50,-0.856,874.0,133,1,1.0999915939565195,4,14
4,-0.688,1245.5,200,1,1.0999915939565195,12,16
28,-0.602,269.8,200,1,1.0999915939565195,5,5
