id,alpha,sugar,age,vision,metabolism,x,y
45,0.887,132.9,200,4,1.2800307334434837,5,4
51,-0.915,184.3,30,4,1.2800307334434837,20,24
52,-0.529,92.0,21,4,1.2800307334434837,22,5
53,-0.605,31.4,20,4,1.2800307334434837,20,5
1,0.027,148.3,200,4,1.2800307334434837,4,24
50,-0.557,27.8,164,4,1.2800307334434837,21,6
