id,alpha,sugar,age,vision,metabolism,x,y
38,0.279,100.2,200,1,1.0999915939565195,9,10
17,-0.868,274.3,200,1,1.0999915939565195,5,5
29,0.652,201.1,200,1,1.0999915939565195,5,12
44,-0.824,291.0,200,1,1.0999915939565195,12,15
23,-0.728,259.0,200,1,1.0999915939565195,14,5
